Temperature_C,Humidity_Percent,Airflow_Rate_m3h,Pressure_kPa,Material_Moisture_Content,Drying_Time_min,Control_Strategy,Preheating_Time_min,Steady_State_Achieved,Energy_Consumed_kWh
67.48357076505616,43.577873603482836,372.44578729645065,102.5139772332907,32.50627044780798,147.98710873172004,PID,30.25267907797003,1,94.56248279184459
64.30867849414408,45.60784526368234,452.04999816369815,99.15566935164475,20.87164217426101,138.49267365825537,Fuzzy,30.852486175202152,1,89.37030938156384
68.23844269050346,50.830512431752766,500.41949597745463,102.73921184021133,25.76896621552787,121.19260739840348,Adaptive,28.874267363249892,1,82.93306739828758
72.61514928204012,50.53802052034903,503.7584475011794,103.71127571760991,21.30179769035966,107.06126444588853,Adaptive,30.98789461025704,1,79.68852593884905
63.82923312638332,26.22330632042909,463.9947622816605,101.8268698064474,21.524030180541477,133.9644662722718,PID,42.32438817928842,0,99.03284455671896
63.8293152152541,30.621749600848773,549.8279945877999,104.75359162511613,22.526623012250884,127.86970770843499,Adaptive,28.499298578037543,0,82.83303440602914
72.89606407753696,45.1503526720866,414.5903656493924,99.45242160179285,26.777070173069703,137.90386440055465,Fuzzy,26.74793482645003,1,90.53834316569159
68.83717364576455,45.13785950912209,488.6096411982965,98.51069059337716,21.17001102669218,132.70343603363938,Fuzzy,32.648465664527215,1,78.55876109926305
62.65262807032524,45.150476863060476,509.6236505369519,97.44255950219144,35.04604900458817,140.9910543063867,PID,17.37140683198756,1,97.00752784893538
67.71280021792982,78.52731490654722,541.1551067246999,103.99208862297837,17.84314158224397,109.29529576878863,Fuzzy,30.319783934554664,1,86.57843733394758
62.68291153593769,45.70890510693167,556.9291902471111,102.30873131270812,23.50502684670913,146.34788131268652,PID,28.141435483535496,1,95.33056910761975
62.671351232148716,51.35565640180599,410.0286326529705,100.88883065817909,21.4821515338066,123.95199209384799,Fuzzy,25.03843366981953,1,70.40873416730263
66.20981135783018,49.54001763493203,377.2708663411502,101.55993725263964,36.57582307482986,161.5052174525053,PID,32.5387883515575,0,101.24040551045938
55.43359877671101,46.51391251305798,602.2141457518808,98.74902190540325,26.572438212092596,106.21624363820864,Adaptive,30.269942092228966,1,78.49653603683105
56.375410837434835,36.84730755359654,526.5851209583674,105.89150395923366,33.25475631574908,154.719276063305,Fuzzy,20.987955462528916,1,96.10787010318666
62.188562353795135,47.589692204932675,440.1210770754757,101.25844236395045,13.115517015704224,123.95821566925295,Fuzzy,26.76735239403781,0,74.22442125576542
59.93584439832788,32.27174785462428,624.0921580418019,101.21878958920979,27.13640212695407,106.97163992771104,PID,15.558643974036377,1,82.5693943070995
66.57123666297637,37.63181393259991,509.2539707434287,102.45153324779739,32.117046364987495,110.32228331891356,PID,31.466346570667515,1,87.36065799251374
60.45987962239394,35.14636452170897,594.3437747251061,101.96201846347343,25.658271914203393,113.5930538361136,Fuzzy,31.416497092200785,1,118.48087169213233
57.93848149332354,40.81874139386323,505.4014785128087,101.44776804855826,33.52384300052281,128.48331892803833,PID,26.03359053083163,1,80.88343385684067
72.32824384460777,63.146585666735085,664.859833990559,99.41905108910937,20.861692399197022,130.45670976071,Fuzzy,32.70056355841563,1,95.72291579345085
63.87111849756732,21.32734807408252,640.4272673954563,101.942936714272,36.27477952148464,108.52599992122842,Adaptive,23.587506894392387,1,88.28740454859057
65.33764102343962,46.86260190374514,480.0828681216741,104.76404899295007,43.391184988954,119.51290815478035,PID,25.167414870325036,1,131.83286939451796
57.87625906893272,23.872841288103483,577.7256760763485,103.69084009230995,22.097291516482727,162.8454071722373,Fuzzy,32.08595232191282,1,99.18422415332972
62.27808637737409,35.280681342105666,551.6300759668118,104.18637325327879,21.435979828793826,154.55086340201422,Adaptive,26.556666225185285,1,86.9365616878431
65.55461294854933,50.889505969673664,609.4905246025879,99.97756864713763,36.627075816941606,128.72647339348063,Adaptive,29.68671521898778,0,93.92539594678797
59.24503211288849,40.64280019095463,422.80612315359167,99.02079035948285,37.6365771658457,120.760069563364,Fuzzy,27.181754862868285,1,85.0734903145
66.87849009172837,29.222552220706937,554.8841167998752,100.7484261598007,20.817119782773855,122.40062653436523,PID,27.94534421850408,1,90.26168621607394
61.99680655040598,32.84696290740032,584.673958947967,101.11144982457739,21.63850546323314,132.27035945460833,Fuzzy,28.163878920225034,1,88.24603742521168
63.54153125103362,46.79597748934676,359.30084108615085,103.1883830369419,22.74572312911594,99.5441486960319,Adaptive,26.466216213909114,1,66.57118621381746
61.991466938853016,32.69633368282864,405.339318986738,97.61507074057036,14.244395911725784,114.8524692515331,Fuzzy,31.51224857180062,1,80.96792022540404
74.26139092254469,42.16458589581975,336.86142577919196,104.05910063892122,17.650784428126414,86.62831852244821,PID,26.860357566230253,0,71.30983011446729
64.93251387631032,40.45571839903814,478.4474532444354,100.68398420284203,16.96687386598346,127.98446245210559,Adaptive,30.07843356897801,1,76.68626450623702
59.7114453552205,,557.403380463677,100.14623786010516,18.85761947916697,132.9439187940548,Fuzzy,26.356341593127983,1,86.49877024973371
69.11272456051594,61.439440893253256,620.1885641676822,98.97579124947967,24.72252090090575,110.33627075401252,PID,22.328506868077707,0,87.40404694775034
58.89578175014489,46.33919022318011,505.927582433582,97.69028665626846,26.873717860292167,151.47973526580066,Adaptive,34.562176246295834,0,89.68275580650828
66.04431797502377,19.74857413342393,630.2892436457033,102.64634116792382,37.40400394251262,95.48468673995318,PID,32.497634925477044,1,96.11428232533673
55.201649380601125,41.86454314769428,389.59188334280867,101.1466359343768,17.013167674089672,90.7125023958036,Adaptive,41.44341034398836,1,67.02696913572258
58.359069755507846,33.38213535231612,363.7294048515876,98.42007820051789,32.87457918781267,124.48903637119945,Fuzzy,24.780135800008708,1,73.40658454323359
65.98430617934562,48.52433334796224,495.55618408827047,98.40984245587276,23.288089246195927,140.9419660522431,PID,28.955197563339848,1,95.13033713368631
68.69233289997705,32.07479261567299,530.7252359151446,100.32843060141974,24.604290322780535,153.67855382915738,Adaptive,29.35746259572097,1,95.44442984966953
65.85684140594985,38.85263558533101,497.38442015247256,104.33804305057879,30.39855593733283,110.8223147426212,PID,34.946847191410654,1,81.6984816696336
64.4217585880588,45.049872789804574,334.60463199680987,100.4808172972728,16.01822382750161,141.5736166686259,PID,27.464460529336957,1,91.40039940169838
63.494481522053555,48.657551941701215,492.87039683897694,97.99371409376378,28.059277969472404,119.22983060998585,Fuzzy,24.14479072912073,1,87.33788232794821
57.60739004816286,27.997035929442237,395.64243995961175,100.50851387182811,26.33161766570445,116.54745400118361,PID,36.03904654230501,1,76.1529776302192
61.40077895802646,36.654987641590516,553.5738039064031,100.45455286050466,28.939610112065193,137.67319874973344,Adaptive,28.41674985369386,0,88.93874930002939
62.696806145201066,35.25054688839044,529.3278596877478,95.60622671411686,27.313349151262546,133.04645756826838,Adaptive,34.39321754863022,1,84.72395354849162
70.28561113109458,33.46670767426288,424.8096170938116,100.89141026696437,,88.47215686031501,Adaptive,33.810992003961054,1,82.16056292115532
66.71809144784231,57.65454240281097,458.8906466130645,100.53813093958264,19.898080125989473,149.53080699451792,Adaptive,29.850547630488503,1,81.47139378849714
56.18479922318633,44.049817109609556,415.26291824888386,102.39241272962684,20.75202435998546,147.60182708294903,Fuzzy,29.12843147482626,0,85.24321160594131
66.62041984697397,27.391160456649548,494.98567221814625,104.69791218989069,20.014875788601884,107.48874596980941,PID,28.04217596835098,0,74.93810470357188
63.07458859791842,49.17861947054776,576.4113856400991,103.25313005909551,20.556183046717962,127.91607066874818,Fuzzy,29.924034356150052,1,74.36396737373718
61.61538999847021,61.22156197012633,421.1419162931565,100.46222261889034,19.90090298154786,129.88060372565477,PID,34.31550113085316,1,86.85921776805256
68.05838144420434,50.32465260551147,540.3237212414275,98.78694818251665,34.51213224886041,125.21347531647814,PID,26.017799094702102,1,101.70754867522488
70.15499761247976,24.806300340459867,457.5793905302047,106.14671960649972,36.36403398391884,108.9938969230916,PID,30.5442281510456,1,92.7375533586644
69.65640059558099,35.15765927133749,436.57017341901246,101.11843686802898,20.43402965000419,106.56753264123897,Fuzzy,24.406842859005963,1,79.21693284388219
60.80391238388681,52.669111491866225,491.4375712036354,101.02785858382589,18.34115541516617,119.48891858017109,PID,25.029468834789036,0,82.47617475585953
63.45393812074393,32.92330534381219,417.18061420645006,100.95174982578,28.771324451091232,143.45458038518728,Fuzzy,29.84530501422188,1,85.4075253691144
66.65631715701782,44.43819428146229,455.7080555722254,101.39616952153571,20.58221564575223,130.87200309188864,Adaptive,20.19920995853084,0,79.94475212115992
69.8777256356118,47.74634053429337,404.1697685928921,100.71127917615212,30.063454542044084,112.58771335827788,Adaptive,40.30279308308026,1,81.83913871975827
62.60412881077355,30.73069528421917,657.1780106333111,99.85267598623953,26.623384166810396,135.4339742129669,PID,24.03470022544882,1,93.54905938466408
64.07170511668092,39.404746439382,502.8210841577383,99.90628211751921,12.874047080022144,63.02914758739849,Fuzzy,29.799557436717233,1,66.40839303795738
59.468325129969855,7.587326599309272,444.02195936059314,100.934493459568,37.38004161064049,142.97531400744208,Adaptive,35.84108860908432,0,87.69517899120775
59.01896687959665,29.756123586657104,517.1183928587377,99.91315045773247,39.36702138476417,85.20572442443802,Fuzzy,25.68547330624751,0,78.60801055372332
69.06262911197099,37.4743184860684,491.0137560247336,99.57430843464567,20.09769047612491,112.75118117193736,Fuzzy,18.486515052276417,1,86.12636728695283
71.78120014285412,27.522168180351507,482.32243203734214,101.21286045538379,21.898387520512127,97.60660210747713,PID,27.775271199376643,1,80.94460718934693
64.63994939209833,56.32411303931635,549.133336003474,100.49004556515828,27.28692312579924,94.10637048558189,Adaptive,25.625898099619405,1,77.17160226874292
70.01766448946012,25.698586220393672,560.6006168037844,104.00798597716538,27.6756543198962,143.2165357475704,PID,18.61813245703999,1,98.32368344677548
66.80818012523817,35.599555133030165,457.5599081911578,95.69806038321397,30.268354181382644,110.64597597376218,PID,31.424449462860995,1,134.33099266532724
61.774401226974376,41.30740577286091,453.9345407484256,103.18301370384492,41.0816363101308,126.93007763461432,Adaptive,31.035469311164757,1,82.12384124073853
66.80697802754207,54.412732890661154,477.9958642278685,103.49217038499526,23.584422180047603,119.06158842241632,Adaptive,35.71163227269176,1,75.20591932357381
72.69018283232984,25.641378488205607,315.84630682115323,96.8532195351837,18.61362204369237,129.54081654446242,Fuzzy,24.395888172398063,1,84.95758330856381
64.82086980445024,51.63163752154959,378.7847150241158,100.31462481183931,13.965446175883782,121.53643782120511,Adaptive,22.004317567764936,1,65.34651488338521
72.82321827907003,40.10233061019587,609.3499413955619,100.25711826800841,19.15255968046465,94.3401555162286,Fuzzy,27.96638458476708,0,78.92632421310847
51.901274479551276,30.18491348952049,631.5974170801027,98.18497661056436,24.73498421700962,139.9253363889428,Fuzzy,29.558286704954526,1,78.30118039897755
69.10951252187611,44.62103474263271,480.07711683548973,99.44436662481824,39.356462908142305,110.12486833677374,Fuzzy,34.60674801493248,0,137.9863330677445
65.43523534119086,41.9905969557347,546.1245570444613,98.77884830906834,20.85910960771063,88.86836202680499,Adaptive,37.052840025025795,0,75.50533281883948
63.50496324767066,33.99783122841205,524.9000123634829,104.50454088684725,26.79030361311119,111.43769678068175,PID,36.07239566953673,1,123.11723436517494
65.45880388267751,40.69802084990019,746.3104646764191,102.87135678629492,24.868616831417985,150.01519581268622,Fuzzy,31.382718334463334,0,99.5117224474273
55.06215542699554,36.1468640313824,589.5659929147662,103.54311018998831,34.507146187584674,137.00443484226986,PID,33.99749626752074,1,98.72226506794537
63.90164056081244,41.13517345251248,489.76659268153867,102.44334412808647,45.21545940698897,113.02695731184282,PID,26.79753282615408,1,98.25276920289434
66.78556285755873,46.62130674521047,423.55676475196594,98.74189645756555,20.753049816637436,113.01484591363142,Adaptive,30.84197596237623,1,76.62766013497917
72.38947022370758,55.86016816145352,371.4842943793942,99.95095946744046,21.084484459854224,113.56729897565235,PID,24.04354930356097,1,89.79992785388656
62.40864890863176,27.62184501173151,516.2770908693778,101.97874912245584,33.35328701655258,161.53495967121682,PID,30.313426984434365,0,100.08501242008755
60.95753198553406,61.330333746562665,439.49194037725573,98.5557443822161,30.45513191701049,127.63870904463107,Adaptive,30.443233486990064,1,81.14209434791016
62.491214782077314,20.479122004774982,386.2197032321861,102.42599686034478,39.77365860588827,128.6008329438214,Fuzzy,38.610643028424846,1,86.5679878598687
69.57701058851038,38.482149049644164,448.2741692605979,100.51934920368373,29.67142548260771,140.60566908063686,PID,28.855085692548766,1,94.13531972777447
66.64375554829843,45.883172064845766,413.4761597108484,100.2503583849008,22.125663273703523,124.77578318053027,Adaptive,30.450214188266433,1,79.24924637041934
62.351198981164806,42.809918677350325,634.9713308058051,102.42191993640698,29.725238645538475,114.81915708358594,PID,31.184807078560212,0,91.94852057078003
67.56633716556678,33.77300480179406,570.5311805559561,101.88852662297208,33.869628644663266,116.07300301830044,PID,27.725898420557733,1,99.3810883970329
65.4853877467402,37.918777496427246,499.36218869467064,100.27806766836184,31.56385744957891,118.56797481171873,Fuzzy,25.98753633394176,1,131.45860225762482
69.84322495266444,35.06999065341167,618.3955311112021,103.3186596067285,29.058192248858383,119.25555526980317,PID,36.49405662423526,1,97.89911925384833
61.48973453061324,34.106352430557884,506.18946461180946,98.8378733448002,33.53339751671323,134.5525908727396,Adaptive,25.095412785198512,1,88.1227878230679
63.36168926701116,48.496020970210246,431.0972638937389,102.23187121388852,34.35436472356538,121.03891771614599,PID,23.360409641563635,1,103.7938829441351
63.03945923433921,43.57015485965047,621.8499261815725,102.18620251593677,36.05727192830022,134.6528015443116,Fuzzy,33.4013268964774,1,85.23904959109915
57.68242525933941,33.070904047393455,543.1128034947727,100.38090712137202,30.189679100717143,118.38566839782835,Fuzzy,35.78907421012005,0,79.66260294876389
66.48060138532288,48.995998754332504,417.0203076538835,101.65226604448424,23.663055357465165,121.57270380632181,Adaptive,27.742951711996806,1,85.39921835375591
66.30527636089944,43.072995208766095,484.77290575331136,98.4977728472294,26.17370949146658,80.03598630935784,Fuzzy,27.8197325617506,1,71.78989508011043
65.02556728321231,48.1286211883896,429.95053972921943,102.8480540384138,34.65207173206686,138.32655349404962,PID,31.412717630533965,1,100.89960486524076
63.82706433312426,46.29628841923612,389.3760215228531,100.63019572711403,18.464514632102112,126.92976951795985,Fuzzy,26.460736616284084,1,82.00004507785907
57.923146289747926,31.710049890779278,574.0942038025313,99.95455395896192,27.94938647098321,139.96020219719304,Adaptive,26.091437396940158,1,93.72355602706426
62.89677338617321,34.39818959803031,652.7533312376104,103.09801845167378,21.853289501381113,62.07489243612621,Fuzzy,34.39796293993183,0,62.98686647821502
63.286427417366156,47.472936051232615,388.1145940944687,99.59131261891449,25.22995858347854,161.76749409561455,Fuzzy,33.03565550391809,0,98.92990301448019
60.9886136538919,46.10370265433465,545.0375389352457,98.18307740727288,35.22761490085839,117.20820743689653,Fuzzy,36.55579443159053,1,94.4266487072544
64.19357144166996,39.79098406035852,447.94859447025385,97.8867416529522,26.528792544159227,142.16365633475033,Adaptive,23.73705493817252,1,80.31984942823996
67.02025428407269,41.17327383308782,461.0299692988243,102.21201990269128,25.37149238524919,99.20188145748938,Fuzzy,27.487687565446915,1,82.22652718040274
74.43092950605265,52.77664895788425,452.60848606089047,98.43914129500743,14.121150872160646,132.25547810125138,Fuzzy,31.405897811347266,1,82.42698590812161
65.8728890641592,34.0842861116417,430.8807384256147,104.50958836396873,30.970028528217767,98.93168873652688,PID,25.371895751128168,1,83.77238519551268
66.28775195361382,45.470973811700375,503.88173023558613,96.83614118423256,30.1638734491286,107.5246207860839,Adaptive,33.20843718577325,0,77.63535589147594
64.62777042116916,37.97807347566106,433.52399068711696,104.39291273658007,42.30603778644368,158.28062707733574,Fuzzy,36.12313543613166,1,88.70833865822635
55.40614392350479,,521.6365460623871,101.42203493440523,22.537774120375992,116.18635198473307,Adaptive,27.083210138863258,1,75.71519048261695
64.86743062275391,50.9877685198719,495.98095124406905,100.80657377625921,26.753202621311512,124.34865746359446,Fuzzy,30.192959701135166,0,86.52211303879783
65.30115104970513,48.2541634898803,480.8841562506872,99.9101618263821,26.995069469686044,137.40135461377508,Fuzzy,37.278093450405585,1,96.59798330445693
77.31621056242643,48.135096360006386,427.3949070366722,101.79827222870414,37.6196262381078,129.9136377594521,Fuzzy,38.996357875095,1,99.06948034235947
64.03819517609439,53.05478807154329,453.85829355453336,100.92473059515031,24.237635740904384,123.00837810287153,PID,33.72900625530202,0,99.14825080675489
66.50773671166806,40.21003841632759,560.4312980660604,103.20660376403305,27.232172206162716,127.2992200493245,PID,32.96714586596804,1,94.08034112481124
64.82644115147379,46.81952971294964,540.0733750099505,101.22845529732407,29.863172077732315,168.0683117047655,PID,25.731317326575443,1,105.05280015844694
59.15660981190234,36.89733243406544,421.7955804161159,101.30060352292375,26.492872985250866,118.8476240593283,Adaptive,31.796047002289203,0,75.00948270532817
70.7141140725751,43.24166352488442,507.9465844343381,100.27277557557228,21.428531083595775,124.02198093429935,Adaptive,32.78410420387499,1,80.18644669518922
68.75966516343387,38.698569456323156,560.1109698697431,100.88610875255786,26.55271994318646,141.01308792015223,PID,28.94814920719477,1,87.46831175051919
68.95515973521523,40.96995964992718,366.4475775102903,101.61560353778412,33.58905399887818,142.11051865915968,Adaptive,27.02611872722169,1,87.09690193206552
60.4530627260263,45.95157025436914,543.4688153903948,97.57966321468675,16.787877604711518,143.7406061112076,Fuzzy,23.593511632615726,1,76.56426856819357
72.0139715546805,31.817793167665275,446.99009928433225,98.30362915578857,26.06375739317501,132.7746044405837,Fuzzy,21.31135122474354,1,92.5915968366308
57.990744686038596,60.92387275685461,545.6478934874527,102.48652818804543,19.399033480486615,97.13990174539033,Fuzzy,20.260582433394184,1,67.07913203291582
67.93428546900135,29.93982618500298,438.9392674765987,101.34173087625588,34.56037303139874,152.6686306460219,PID,32.89721286433631,1,97.89900337495662
75.95227812904989,27.85811387212268,355.60943194683847,100.63203332729464,12.814504761729802,97.07309213962624,Adaptive,30.738496626133884,0,68.39010564829088
60.04731837434656,51.581108735000676,369.79660496934696,101.03686786613079,20.528625221827294,126.05270930478066,PID,27.58094434229452,1,82.4221789776591
62.16851135198614,47.91662693962936,503.84679573291055,101.69516341072334,28.017695000516166,104.91448299961284,Adaptive,28.342718511376805,1,75.4892601888931
65.4982568254382,46.24119817052155,520.7778001377186,99.92048063938128,37.52419223387472,118.71723306814015,Fuzzy,31.052352707652425,1,94.25133268758923
62.482621729419,46.2834550926428,427.6546699916473,99.44339054919537,24.4739979114161,126.5752482060696,PID,29.17718464495703,0,84.66892742339199
57.24668284466934,39.87753227153085,551.08739670219,101.39169051019536,20.558403786454413,126.42714430900546,Adaptive,23.29723409998086,1,79.37759236029636
65.34281487403014,31.027456285141685,367.0783950184832,99.04325444476994,40.04925655552472,128.4384150847057,Adaptive,34.5650011013715,1,97.39668478601175
59.688481431369475,40.75804558193726,494.7136161082147,101.81650551142894,13.415888796670048,152.27422538117293,Fuzzy,31.520630853349047,1,88.04019520045082
67.36796215317591,33.22838288487888,403.1187040190035,97.59483279152433,7.4095523470393445,129.0706860302796,PID,31.32949239906924,0,82.52893296020947
60.402878828830985,49.75119733417751,447.85311137582727,103.05831127465129,28.52011560042666,115.11686729418703,PID,34.18781351679186,1,81.20584981071732
72.7496720250877,38.52942618497861,503.7918937053131,101.94519496482609,20.98356620517911,139.28174336576714,PID,25.931773219701626,1,95.65696565135028
61.08373353831882,31.745028032074885,431.1669307772838,101.51205946862775,16.830137462954294,143.78940977849282,Fuzzy,36.06865718862921,1,80.37283250611824
63.38969241897162,36.78614158347007,469.23555646161395,102.96538196789103,30.666851578394827,95.44784369726015,PID,29.299785740288808,1,83.32395821267292
69.06758608684835,44.12931454275624,580.5034247371552,104.33094888892515,26.95040571016959,131.94800139699717,Fuzzy,34.442994401654374,1,138.262256531707
58.84567841783022,,453.84865043814807,103.02874013003625,20.487370954106172,134.02345484621796,Fuzzy,33.67224516743828,1,72.28616590116711
66.13729967302065,31.777796044335687,566.8553689652114,97.3182515373367,14.757564810632845,114.04872993280016,Fuzzy,24.80599085998722,1,80.20908148652353
71.53571377141213,42.436872114919126,409.6234516273905,98.4408460665286,31.979658626241157,147.51413626623238,Adaptive,32.51450202457068,1,95.7484456306381
56.96258382719386,42.44966571108723,542.3843342332226,99.75036284460865,30.20160942366929,116.99888825934947,PID,31.63137335423343,1,126.77059437678027
65.92316929266153,,615.3254896526321,101.05218210042166,24.206593089764937,122.51152906943085,PID,30.151558287471712,1,88.4397065340608
66.29941397124212,35.289616943816775,302.26843998981684,102.03531804093825,39.77309596838133,116.5385635143226,Fuzzy,29.528141249823094,1,79.01851039340832
68.90911435888655,42.32049937357636,436.24837956236183,99.54851237369307,16.43932186939078,120.31158095162935,Fuzzy,29.57053375141104,0,72.73082921602293
58.81524644560959,25.519156585026757,546.1657701744432,101.37353352895416,12.79579863260209,98.07449826209597,PID,34.06344712821998,0,79.02835389327956
58.39771693457862,25.925362256234447,483.75636911656056,99.48923413529336,19.464735440950044,91.19898234811411,Fuzzy,32.88955256895755,1,69.45657392841184
67.60970782808448,32.81555778747564,529.6916698697047,99.7769643940161,24.635311869156016,151.89010126449944,PID,30.152394251328325,1,103.67995024846569
66.48492336616593,37.86552848288153,451.68118506273436,98.18667780630355,26.946715594581534,103.06077303363344,Adaptive,22.540319267643127,1,82.46666002964189
66.25246425172938,43.10907565598005,506.927182997832,99.15353350777819,23.070111537149362,100.17215301087386,Fuzzy,32.47221707041809,1,82.7931694920702
66.73224104748488,54.753562169495524,487.54582116863367,98.29663078876733,27.816443172114376,76.93219772792571,PID,33.618068095888894,0,74.61141192714459
61.59987639210755,48.576596232020194,593.4225649327846,99.04825349404534,14.987684606476448,107.22076504620995,Fuzzy,41.50205042723485,1,77.47632961572828
66.16126848580502,38.40061470036573,520.353667464097,103.10728359321568,36.55011683258608,93.53820413185004,PID,35.37716531552519,1,83.0953512389893
66.46536236649341,39.80983792097311,527.0082129660161,99.10120222233611,24.34279057285945,152.8403032027274,PID,20.504118060422662,1,95.8206103195207
61.42824290986816,29.97470635362191,467.0498427102026,106.26476412967479,33.93836665270502,140.19634178685268,Fuzzy,30.392146995093213,1,92.53327115237461
74.32887255572378,39.8148686400761,460.9915020742005,101.98663580176178,,106.23699309644553,Adaptive,39.05687514332491,1,76.67155434698763
67.36916460455893,37.11341361079862,465.3953449744303,101.36967224738974,28.654025753230272,165.04871610688616,PID,33.117744284508184,1,92.92295623968252
59.04348251398676,43.227185603380896,531.5561713902638,99.28328443963757,29.55813824185763,139.63530973983188,PID,31.643260801866045,1,89.42597342485439
68.28276804316914,31.72769056447677,466.32124153437894,102.40061975881798,28.581668480138518,113.50337232982756,PID,34.50114329457618,1,87.41708219983896
60.126591648863396,45.193465142411725,523.1819885517131,99.84872434752445,30.141782078940352,70.01188570252853,Adaptive,26.888109025045985,1,73.07478596426424
68.93542301871226,55.32738913002578,666.0320638916351,101.24401962929072,35.63322024105945,165.81885145181485,Adaptive,32.39044998313728,1,98.39934816282022
70.79297789503703,38.91239851543143,569.6899762745354,106.1201690765376,,92.20855066472808,Fuzzy,28.74765980504045,1,83.2592747770878
60.89658840824145,,473.91811742657273,100.8078802005507,30.6720300607081,87.09202506086217,Adaptive,29.901882570947627,1,69.73338143284535
69.8168806462216,46.90143991711113,596.0971137731156,103.29854665257135,24.282114445702184,140.4514086401928,Fuzzy,34.142272578475534,1,99.57014285385056
67.06390463468249,35.987795281141636,467.3539701582759,99.59364714974822,36.52093772359578,168.79504812678545,Fuzzy,25.36643448753909,1,162.3237495248032
69.11030079997245,42.24092481810417,336.9500371857717,100.93002301900607,19.58886158352584,147.68545637021037,Adaptive,36.43991236900969,1,89.38458739293725
74.48396491326974,40.12592400781795,419.3530951266077,104.54160127127102,39.40752346328652,131.2781824010472,Fuzzy,27.885940194572285,0,87.50031127682357
63.77305941998565,40.97676098548832,350.3366463179316,99.74606588442447,24.678736394845252,131.89508683330573,Adaptive,31.303314165752038,1,80.43021313245565
61.23131917821255,32.26990216144534,471.87892127669534,104.62489711599386,13.553799183055615,137.06831117560614,Fuzzy,22.997460198625284,1,85.87044683909632
60.55242785187238,40.245101742589426,501.4734703351641,102.41550387091095,26.024835319286314,135.1785717957353,Adaptive,33.59918645435695,1,83.85919363081912
60.92094857517281,44.979982912454496,634.1149849820226,99.87506644821147,,125.62382847938751,Adaptive,37.23251967973289,1,82.65018497060937
64.61449145292949,54.51143607795042,526.154189901133,102.26481547811105,31.72514839190979,122.08402207903752,Fuzzy,27.426792253909266,1,87.81548300007047
66.70575987408321,49.59270826085207,482.4719576952909,102.94510889925346,19.779008165580873,118.74813744200955,PID,24.448883067452,1,82.81444255615
66.38345399665009,61.531824575115564,566.3524464946792,102.2436199244344,21.430532534281763,104.92070822266648,Fuzzy,31.38991532371354,1,72.27762875961002
69.13591624518011,32.326524371119504,323.1091752793692,97.85955056021909,9.883674152435752,114.38649846266452,Adaptive,37.27405322495871,0,68.46454231623785
65.06500945938953,48.723206367206785,518.8491646486852,99.54572564835026,21.381549446007387,86.1408637160923,PID,22.750717172595472,1,90.69491628409108
72.26767038578659,41.83342005738352,561.6692155109573,100.50496272889698,5.608965386968347,118.033207464105,Fuzzy,24.46845909385829,0,78.46288641584401
63.67671583381022,61.89802933217672,381.7131003376127,100.8511331417999,12.328777412114214,100.22817785698166,Fuzzy,27.729052208442422,1,61.44185145938663
78.6008458329481,31.917017146448487,591.5003234565543,102.24134419510136,31.08331724915438,97.92821365568457,Fuzzy,25.898280877346522,1,91.77519382633677
68.12833673882503,31.60278157819224,527.0797125995531,101.35540200186651,31.286401269206657,123.59788302306957,PID,25.914072666955022,0,98.47698807942032
60.714212217918586,34.00607354555978,466.7769668879359,98.3293112825798,28.40366049427972,147.840045726892,Adaptive,19.529396861681114,1,91.65847078193237
59.645537509694435,18.76104275690193,550.6225492885028,101.76039570201192,17.264190854966294,138.36633212004625,Fuzzy,32.94528473702934,1,87.025403825294
67.41236207621593,34.74244978319239,681.6554286243517,102.22117149056764,24.61830915086416,88.58998792753646,Fuzzy,31.69360251434818,0,83.59203636045953
63.88268607337075,32.40867338446302,514.5493004046796,102.11958089586209,24.971179687275452,100.20743726859325,Fuzzy,21.505754000981774,1,86.90991188575322
68.57000247046047,41.50393786476208,519.8576469040269,103.16156145110925,15.733082486459658,138.81542375976431,Fuzzy,37.28597879978123,1,84.44801449373767
67.36618812286773,43.41755975777159,463.25112803678047,102.6678443090978,37.027186414137205,100.35025212923381,Fuzzy,38.405461574652435,1,78.98757263450213
64.63585543671563,58.761708392158866,432.01245044281666,101.91836015845688,32.018898324605374,115.50733700005951,Adaptive,26.24547225109943,1,74.65050401337854
60.76603140965798,49.5042383818605,566.4268653235397,100.8596685770827,23.23228660936269,131.00104198049104,Adaptive,35.83274295488503,1,80.07833908505003
57.42576387657068,34.23096344337597,431.51329392729065,97.67807813296801,25.215086711956246,100.6331109027273,Fuzzy,27.13501097504527,1,80.54691647797979
62.767425239664895,31.01585328651642,505.7252989775514,101.85923643826517,26.66706246358042,122.1075101229192,PID,30.905582551055303,1,137.15645769063386
69.28199397161737,44.919191715065054,461.7874042587907,101.41537537432622,8.666121052605675,93.3194901016359,Adaptive,25.821189324895457,1,70.00425025745727
66.07046872065102,26.797667929793576,538.3183860597113,101.54315767439074,23.022580939835226,107.97264712097572,PID,41.071257617311375,0,76.30588895042291
58.77130610644006,58.31458765854354,526.6929684229559,98.44650284835939,19.54412601601761,126.39563868285074,Adaptive,28.51991386335051,1,73.97092826708338
65.86590462925591,51.79440120721287,583.003195540632,98.83788691918348,16.987039920840676,88.14012532936661,Fuzzy,30.63224511411731,1,65.21900254686282
66.92658689864419,35.30824347895295,459.1986880916202,103.10630570666581,22.75119765691236,128.80949475920798,Adaptive,26.560313062680866,0,86.6221412834606
60.580712818994336,22.868654709091224,478.4100051765303,100.92088969228669,39.38149221479618,119.60724402146637,Fuzzy,39.30657798618197,0,94.45048111632407
65.76862552972764,53.538723741654124,421.69890273741544,102.36300139474525,30.12674289013608,131.04979908834295,Adaptive,39.43307323044705,1,86.92358520453423
65.29104359223,,464.45653919391106,101.05663675226093,20.430568081737626,124.47828268129322,Fuzzy,38.1546459063147,1,78.39061266895959
59.28514851084688,52.378163119734616,530.1840394435882,101.05951227899149,29.58066225084927,147.28280859947688,Fuzzy,34.782201741738106,1,98.48980124292908
